TMDb ID,IMDb ID,Type,Name,Release Date,Season Number,Episode Number,Rating,Your Rating,Date Rated
86831,tt9561862,tv,"Love, Death & Robots",2019-03-15T00:00:00Z,,,8.207,10.0,2020-07-07T20:18:17Z
67195,tt5114356,tv,Legion,2017-02-08T00:00:00Z,,,7.574,10.0,2020-07-07T20:18:59Z
400928,tt4481414,movie,Gifted,2017-04-12T00:00:00Z,,,8.071,10.0,2020-07-07T20:21:53Z
63247,tt0475784,tv,Westworld,2016-10-02T00:00:00Z,,,8.14,10.0,2020-07-07T20:22:14Z
68001,tt5083928,tv,Powerless,2017-02-02T00:00:00Z,,,6.199,4.0,2020-08-29T20:32:22Z
601666,tt9893250,movie,I Care a Lot,2021-02-19T00:00:00Z,,,6.684,9.0,2021-02-19T18:29:35Z
95941,tt10314462,tv,Zoey's Extraordinary Playlist,2020-01-07T00:00:00Z,,,7.961,10.0,2021-02-19T18:30:35Z
240832,tt2872732,movie,Lucy,2014-07-25T00:00:00Z,,,6.413,10.0,2021-08-21T07:08:31Z
5915,tt0758758,movie,Into the Wild,2007-09-11T00:00:00Z,,,7.829,6.0,2021-08-21T07:09:30Z
10647,tt0223897,movie,Pay It Forward,2000-10-20T00:00:00Z,,,7.296,10.0,2021-08-21T07:09:54Z
1491,tt0443543,movie,The Illusionist,2006-08-18T00:00:00Z,,,7.294,10.0,2021-08-21T07:10:41Z
1124,tt0482571,movie,The Prestige,2006-10-19T00:00:00Z,,,8.189,10.0,2021-08-21T07:10:53Z
186,tt0425210,movie,Lucky Number Slevin,2006-02-24T00:00:00Z,,,7.5,10.0,2021-08-21T07:11:45Z
453,tt0268978,movie,A Beautiful Mind,2001-12-11T00:00:00Z,,,7.848,10.0,2021-08-21T07:11:59Z
8358,tt0162222,movie,Cast Away,2000-12-22T00:00:00Z,,,7.649,10.0,2021-08-21T07:12:24Z
1954,tt0289879,movie,The Butterfly Effect,2004-01-22T00:00:00Z,,,7.545,10.0,2021-08-21T07:12:40Z
550,tt0137523,movie,Fight Club,1999-10-15T00:00:00Z,,,8.43,10.0,2021-08-21T07:14:18Z
203833,tt0816442,movie,The Book Thief,2013-11-08T00:00:00Z,,,7.48,9.0,2021-08-21T07:14:31Z
10201,tt1068680,movie,Yes Man,2008-12-09T00:00:00Z,,,6.626,9.0,2021-08-21T07:14:45Z
152742,tt1924396,movie,La migliore offerta,2013-01-01T00:00:00Z,,,7.86,9.0,2021-08-21T07:14:58Z
75638,tt1748179,movie,Red Lights,2012-03-02T00:00:00Z,,,6.16,9.0,2021-08-21T07:15:19Z
75656,tt1670345,movie,Now You See Me,2013-05-29T00:00:00Z,,,7.368,9.0,2021-08-21T07:15:51Z
291805,tt3110958,movie,Now You See Me 2,2016-06-02T00:00:00Z,,,6.84,7.0,2021-08-21T07:16:27Z
31011,tt0485947,movie,Mr. Nobody,2009-11-06T00:00:00Z,,,7.86,9.0,2021-08-21T07:18:08Z
497,tt0120689,movie,The Green Mile,1999-12-10T00:00:00Z,,,8.496,9.0,2021-08-21T07:18:19Z
11820,tt0304415,movie,Mona Lisa Smile,2003-12-19T00:00:00Z,,,6.902,9.0,2021-08-21T07:18:29Z
26594,tt0846789,movie,The Secret,2006-03-26T00:00:00Z,,,6.508,9.0,2021-08-21T07:18:58Z
20312,tt0165832,movie,Interstate 60,2002-04-13T00:00:00Z,,,7.306,9.0,2021-08-21T07:19:12Z
28178,tt1028532,movie,Hachi: A Dog's Tale,2009-06-13T00:00:00Z,,,8.011,9.0,2021-08-21T07:19:30Z
594,tt0362227,movie,The Terminal,2004-06-17T00:00:00Z,,,7.312,9.0,2021-08-21T07:19:43Z
5123,tt0426931,movie,August Rush,2007-11-21T00:00:00Z,,,7.381,9.0,2021-08-21T07:20:31Z
278,tt0111161,movie,The Shawshank Redemption,1994-09-23T00:00:00Z,,,8.713,9.0,2021-08-21T07:20:42Z
162,tt0099487,movie,Edward Scissorhands,1990-12-05T00:00:00Z,,,7.707,9.0,2021-08-21T07:20:54Z
587,tt0319061,movie,Big Fish,2003-12-25T00:00:00Z,,,7.776,9.0,2021-08-21T07:21:07Z
137,tt0107048,movie,Groundhog Day,1993-02-11T00:00:00Z,,,7.577,9.0,2021-08-21T07:21:30Z
1571,tt0337978,movie,Live Free or Die Hard,2007-06-20T00:00:00Z,,,6.586,9.0,2021-08-21T07:21:44Z
25936,tt1217565,movie,День радио,2008-03-08T00:00:00Z,,,7.766,9.0,2021-08-21T07:22:02Z
53216,tt0986272,movie,Validation,2007-01-01T00:00:00Z,,,7.296,9.0,2021-08-21T07:22:21Z
207,tt0097165,movie,Dead Poets Society,1989-06-02T00:00:00Z,,,8.324,9.0,2021-08-21T07:22:39Z
19913,tt1022603,movie,(500) Days of Summer,2009-07-17T00:00:00Z,,,7.249,9.0,2021-08-21T07:22:57Z
24480,tt1425244,movie,Partly Cloudy,2009-05-28T00:00:00Z,,,7.875,9.0,2021-08-21T07:23:40Z
20722,tt1361566,movie,つみきのいえ,2008-06-10T00:00:00Z,,,7.956,9.0,2021-08-21T07:23:52Z
23169,tt1403981,movie,Remember Me,2010-03-12T00:00:00Z,,,7.085,9.0,2021-08-21T07:24:13Z
22971,tt0989757,movie,Dear John,2010-02-04T00:00:00Z,,,6.859,9.0,2021-08-21T07:24:25Z
2657,tt0120789,movie,Pleasantville,1998-09-17T00:00:00Z,,,7.251,9.0,2021-08-21T07:24:49Z
4951,tt0147800,movie,10 Things I Hate About You,1999-03-30T00:00:00Z,,,7.556,9.0,2021-08-21T07:25:02Z
6038,tt0300471,movie,Shanghai Knights,2003-02-06T00:00:00Z,,,6.106,9.0,2021-08-21T07:25:38Z
11036,tt0332280,movie,The Notebook,2004-06-25T00:00:00Z,,,7.89,9.0,2021-08-21T07:25:51Z
73294,tt1279976,movie,Закрытые пространства,2008-08-14T00:00:00Z,,,5.792,9.0,2021-08-21T07:26:06Z
8844,tt0113497,movie,Jumanji,1995-12-15T00:00:00Z,,,7.231,9.0,2021-08-21T07:26:51Z
512200,tt7975244,movie,Jumanji: The Next Level,2019-12-04T00:00:00Z,,,6.997,5.0,2021-08-21T07:27:27Z
353486,tt2283362,movie,Jumanji: Welcome to the Jungle,2017-12-09T00:00:00Z,,,6.82,3.0,2021-08-21T07:27:43Z
43347,tt0758752,movie,Love & Other Drugs,2010-11-22T00:00:00Z,,,7.033,9.0,2021-08-21T07:29:03Z
641,tt0180093,movie,Requiem for a Dream,2000-10-06T00:00:00Z,,,8.038,9.0,2021-08-21T07:29:16Z
13,tt0109830,movie,Forrest Gump,1994-07-06T00:00:00Z,,,8.469,9.0,2021-08-21T07:29:28Z
388,tt0454848,movie,Inside Man,2006-03-17T00:00:00Z,,,7.415,9.0,2021-08-21T07:29:56Z
11324,tt1130884,movie,Shutter Island,2010-02-14T00:00:00Z,,,8.175,9.0,2021-08-21T07:30:12Z
1359,tt0144084,movie,American Psycho,2000-04-13T00:00:00Z,,,7.35,9.0,2021-08-21T07:30:24Z
10726,tt0283877,movie,American Psycho II: All American Girl,2002-04-22T00:00:00Z,,,4.33,6.0,2021-08-21T07:30:56Z
564,tt0120616,movie,The Mummy,1999-04-16T00:00:00Z,,,6.849,9.0,2021-08-21T07:32:45Z
100241,tt1418377,movie,"I, Frankenstein",2014-01-22T00:00:00Z,,,5.264,1.0,2021-08-21T07:32:58Z
59859,tt1650554,movie,Kick-Ass 2,2013-07-17T00:00:00Z,,,6.397,1.0,2021-08-21T07:33:16Z
23483,tt1250777,movie,Kick-Ass,2010-03-22T00:00:00Z,,,7.105,2.0,2021-08-21T07:33:33Z
23629,tt0978764,movie,Sucker Punch,2011-03-24T00:00:00Z,,,6.131,1.0,2021-08-21T07:33:47Z
37958,tt1253864,movie,Immortals,2011-11-10T00:00:00Z,,,5.902,1.0,2021-08-21T07:34:00Z
109689,tt1797504,movie,Tengo ganas de ti,2012-06-22T00:00:00Z,,,7.279,1.0,2021-08-21T07:34:12Z
59436,tt1605783,movie,Midnight in Paris,2011-05-11T00:00:00Z,,,7.533,1.0,2021-08-21T07:34:24Z
13062,tt0395479,movie,Boundin',2003-11-04T00:00:00Z,,,6.627,1.0,2021-08-21T07:34:38Z
2395,tt0463872,movie,Astérix aux Jeux Olympiques,2008-01-30T00:00:00Z,,,5.169,1.0,2021-08-21T07:34:47Z
9906,tt0429589,movie,The Ant Bully,2006-07-28T00:00:00Z,,,5.711,1.0,2021-08-21T07:35:00Z
273126,tt1074974,movie,Как Львёнок и Черепаха пели песню,1974-01-01T00:00:00Z,,,6.75,1.0,2021-08-21T07:35:12Z
9612,tt0106598,movie,Coneheads,1993-07-23T00:00:00Z,,,5.278,1.0,2021-08-21T07:35:23Z
823,tt0193253,movie,人狼 JIN-ROH,1999-11-17T00:00:00Z,,,7.432,1.0,2021-08-21T07:35:42Z
11621,tt0104652,movie,紅の豚,1992-07-18T00:00:00Z,,,7.768,1.0,2021-08-21T07:35:59Z
492,tt0120601,movie,Being John Malkovich,1999-10-29T00:00:00Z,,,7.411,1.0,2021-08-21T07:36:19Z
4564,tt1000774,movie,Sex and the City,2008-05-12T00:00:00Z,,,6.555,1.0,2021-08-21T07:36:32Z
105,tt0159206,tv,Sex and the City,1998-06-06T00:00:00Z,,,7.476,1.0,2021-08-21T07:37:02Z
73723,tt1482459,movie,The Lorax,2012-03-01T00:00:00Z,,,6.461,1.0,2021-08-21T07:37:20Z
9920,tt0370032,movie,Ultraviolet,2006-03-03T00:00:00Z,,,5.174,1.0,2021-08-21T07:37:34Z
10603,tt0119190,movie,George of the Jungle,1997-07-15T00:00:00Z,,,5.59,1.0,2021-08-21T07:37:46Z
563,tt0120201,movie,Starship Troopers,1997-11-07T00:00:00Z,,,6.95,1.0,2021-08-21T07:38:03Z
310,tt0315327,movie,Bruce Almighty,2003-05-23T00:00:00Z,,,6.684,1.0,2021-08-21T07:38:15Z
4944,tt0887883,movie,Burn After Reading,2008-09-05T00:00:00Z,,,6.602,1.0,2021-08-21T07:38:59Z
605,tt0115341,tv,"Sabrina, the Teenage Witch",1996-09-27T00:00:00Z,,,7.926,1.0,2021-08-21T07:39:26Z
11674,tt0115433,movie,101 Dalmatians,1996-11-27T00:00:00Z,,,5.901,2.0,2021-08-21T07:39:42Z
14442,tt0327679,movie,Ella Enchanted,2004-04-09T00:00:00Z,,,6.375,2.0,2021-08-21T07:40:04Z
10009,tt0328880,movie,Brother Bear,2003-10-23T00:00:00Z,,,7.236,2.0,2021-08-21T07:40:17Z
10010,tt0465925,movie,Brother Bear 2,2006-08-17T00:00:00Z,,,6.684,2.0,2021-08-21T07:40:25Z
10992,tt0239395,movie,Cats & Dogs,2001-07-04T00:00:00Z,,,5.356,2.0,2021-08-21T07:40:48Z
9626,tt0089893,movie,Red Sonja,1985-04-09T00:00:00Z,,,5.291,2.0,2021-08-21T07:41:02Z
278615,tt0219119,movie,Кто сказал мяу?,1962-01-01T00:00:00Z,,,6.25,2.0,2021-08-21T07:41:29Z
72214,tt0050987,movie,Снежная королева,1957-10-22T00:00:00Z,,,6.694,2.0,2021-08-21T07:41:52Z
275115,,movie,Как старик корову продавал,1980-06-09T00:00:00Z,,,2.0,2.0,2021-08-21T07:42:43Z
306042,tt1794948,movie,Серая Шейка,1948-01-01T00:00:00Z,,,7.214,2.0,2021-08-21T07:42:56Z
14497,tt0063380,movie,"Огонь, вода и медные трубы",1968-12-10T00:00:00Z,,,6.55,2.0,2021-08-21T07:43:11Z
90323,tt2234421,movie,Сказка о мертвой царевне и о семи богатырях,1951-01-01T00:00:00Z,,,6.25,2.0,2021-08-21T07:43:43Z
64759,tt0061121,movie,Три толстяка,1966-06-06T00:00:00Z,,,6.857,2.0,2021-08-21T07:44:40Z
90521,tt2266785,movie,Мойдодыр,1954-01-01T00:00:00Z,,,6.25,2.0,2021-08-21T07:44:51Z
145760,tt0219233,movie,Падал прошлогодний снег,1983-01-01T00:00:00Z,,,7.49,2.0,2021-08-21T07:45:10Z
72202,tt1070792,movie,Гуси-лебеди,1949-06-04T00:00:00Z,,,6.25,2.0,2021-08-21T07:45:23Z
1452,tt0348150,movie,Superman Returns,2006-06-28T00:00:00Z,,,5.674,2.0,2021-08-21T07:45:47Z
10601,tt0316396,movie,Peter Pan,2003-12-25T00:00:00Z,,,7.207,2.0,2021-08-21T07:46:04Z
469450,tt0212592,movie,Возвращение домовёнка,1987-02-02T00:00:00Z,,,7.0,2.0,2021-08-21T07:46:20Z
448879,tt2327471,movie,Приключения домовёнка,1985-02-02T00:00:00Z,,,7.278,2.0,2021-08-21T07:46:32Z
469447,tt2339437,movie,Дом для Кузьки,1984-02-02T00:00:00Z,,,7.4,2.0,2021-08-21T07:46:45Z
222012,tt2145049,movie,Фунтик и старушка с усами,1987-01-01T00:00:00Z,,,5.8,2.0,2021-08-21T07:46:57Z
222013,"",movie,Фунтик в цирке,1988-01-01T00:00:00Z,,,5.714,2.0,2021-08-21T07:47:09Z
222011,tt2145051,movie,Фунтик и сыщики,1986-01-31T00:00:00Z,,,6.5,2.0,2021-08-21T07:47:23Z
70061,tt0251333,movie,По следам бременских музыкантов,1973-02-02T00:00:00Z,,,6.848,2.0,2021-08-21T07:47:37Z
71340,tt0030593,movie,По щучьему велению,1938-06-06T00:00:00Z,,,4.556,2.0,2021-08-21T07:48:47Z
419946,tt2487736,movie,Цветик-семицветик,1948-01-01T00:00:00Z,,,5.933,2.0,2021-08-21T07:51:06Z
641994,,movie,Цветик-семицветик,1968-01-01T00:00:00Z,,,2.0,2.0,2021-08-21T07:51:38Z
81604,tt0949326,movie,Аленький цветочек,1952-06-05T00:00:00Z,,,6.339,2.0,2021-08-21T07:52:07Z
91142,tt2474800,movie,Чиполлино,1961-01-01T00:00:00Z,,,6.453,2.0,2021-08-21T07:52:23Z
90319,tt0142851,movie,Сказка о царе Салтане,1984-01-01T00:00:00Z,,,6.409,2.0,2021-08-21T07:52:33Z
647,tt0385700,movie,Final Fantasy VII: Advent Children,2005-07-14T00:00:00Z,,,7.1,2.0,2021-08-21T07:52:47Z
919,tt0275230,movie,Blood: The Last Vampire,2000-11-18T00:00:00Z,,,6.763,2.0,2021-08-21T07:52:59Z
40728,tt0807703,movie,劇場版 AIR,2005-02-05T00:00:00Z,,,5.725,2.0,2021-08-21T07:53:33Z
1495,tt0320661,movie,Kingdom of Heaven,2005-05-03T00:00:00Z,,,6.829,2.0,2021-08-21T07:55:06Z
45269,tt1504320,movie,The King's Speech,2010-09-06T00:00:00Z,,,7.735,2.0,2021-08-21T07:55:18Z
11770,tt0286112,movie,少林足球,2001-07-05T00:00:00Z,,,7.011,2.0,2021-08-21T07:55:31Z
9655,tt0454945,movie,She's the Man,2006-03-17T00:00:00Z,,,6.76,2.0,2021-08-21T07:55:47Z
13334,tt0416316,movie,Волкодав из рода Серых Псов,2006-12-28T00:00:00Z,,,5.448,2.0,2021-08-21T07:56:14Z
44115,tt1542344,movie,127 Hours,2010-11-12T00:00:00Z,,,7.051,2.0,2021-08-21T07:56:30Z
55931,tt0328832,movie,The Animatrix,2003-05-09T00:00:00Z,,,7.176,2.0,2021-08-21T07:56:46Z
15512,tt0892782,movie,Monsters vs Aliens,2009-03-19T00:00:00Z,,,6.163,2.0,2021-08-21T07:57:16Z
634,tt0243155,movie,Bridget Jones's Diary,2001-04-13T00:00:00Z,,,6.751,2.0,2021-08-21T07:57:40Z
9801,tt0317198,movie,Bridget Jones: The Edge of Reason,2004-11-10T00:00:00Z,,,6.272,2.0,2021-08-21T07:57:52Z
58700,tt1077274,movie,천년여우 여우비,2007-01-25T00:00:00Z,,,6.6,2.0,2021-08-21T07:58:08Z
25078,tt0385586,movie,ねこぢる草,2001-02-21T00:00:00Z,,,6.871,2.0,2021-08-21T07:58:19Z
3980,tt0090887,movie,Critters,1986-04-11T00:00:00Z,,,6.428,2.0,2021-08-21T07:58:43Z
12244,tt0472033,movie,9,2009-08-19T00:00:00Z,,,6.839,2.0,2021-08-21T07:59:35Z
24476,tt0206588,movie,Beethoven's 3rd,2000-09-07T00:00:00Z,,,5.103,2.0,2021-08-21T08:00:00Z
11806,tt0103786,movie,Beethoven,1992-04-03T00:00:00Z,,,5.807,2.0,2021-08-21T08:00:11Z
10144,tt0097757,movie,The Little Mermaid,1989-11-17T00:00:00Z,,,7.359,2.0,2021-08-21T08:19:48Z
10438,tt0106375,movie,Beethoven's 2nd,1993-12-14T00:00:00Z,,,5.519,2.0,2021-08-21T08:20:38Z
18360,tt1078912,movie,Night at the Museum: Battle of the Smithsonian,2009-05-20T00:00:00Z,,,6.108,2.0,2021-08-21T08:20:56Z
37430,tt0816462,movie,Conan the Barbarian,2011-08-17T00:00:00Z,,,5.278,2.0,2021-08-21T08:21:17Z
863,tt0120363,movie,Toy Story 2,1999-10-30T00:00:00Z,,,7.561,2.0,2021-08-29T18:14:59Z
89,tt0097576,movie,Indiana Jones and the Last Crusade,1989-05-24T00:00:00Z,,,7.81,2.0,2021-08-29T18:20:12Z
33123,tt0442726,tv,Моя прекрасная няня,2004-09-27T00:00:00Z,,,5.233,2.0,2021-08-29T18:20:35Z
13654,tt0324941,movie,101 Dalmatians II: Patch's London Adventure,2003-03-02T00:00:00Z,,,6.014,2.0,2021-08-29T18:21:25Z
954,tt0117060,movie,Mission: Impossible,1996-05-22T00:00:00Z,,,6.929,3.0,2021-08-29T18:21:52Z
856,tt0096438,movie,Who Framed Roger Rabbit,1988-06-21T00:00:00Z,,,7.49,3.0,2021-08-29T18:22:09Z
8835,tt0250494,movie,Legally Blonde,2001-07-13T00:00:00Z,,,6.682,3.0,2021-08-29T18:22:32Z
15060,tt1054487,movie,Futurama: Into the Wild Green Yonder,2009-02-23T00:00:00Z,,,7.044,3.0,2021-08-29T18:22:45Z
1267,tt0396555,movie,Meet the Robinsons,2007-03-23T00:00:00Z,,,6.878,3.0,2021-08-29T18:23:02Z
2899,tt0250223,movie,Astérix & Obélix Mission Cléopâtre,2002-01-30T00:00:00Z,,,7.366,3.0,2021-08-29T18:23:13Z
10929,tt0058855,tv,The Wild Wild West,1965-09-17T00:00:00Z,,,7.524,3.0,2021-08-29T18:23:26Z
9642,tt0371552,movie,Astérix et les Vikings,2006-04-05T00:00:00Z,,,6.11,3.0,2021-08-29T18:23:40Z
14411,tt0165982,movie,Sinbad: Legend of the Seven Seas,2003-07-02T00:00:00Z,,,6.889,3.0,2021-08-29T18:23:56Z
35751,tt0078222,movie,सीता और गीता,1972-01-01T00:00:00Z,,,6.525,3.0,2021-08-29T18:24:09Z
9564,tt0133385,movie,Astérix & Obélix contre César,1999-02-03T00:00:00Z,,,5.992,3.0,2021-08-29T18:24:25Z
6069,tt0094332,movie,The Witches of Eastwick,1987-06-12T00:00:00Z,,,6.483,3.0,2021-08-29T18:24:41Z
1581,tt0457939,movie,The Holiday,2006-12-08T00:00:00Z,,,7.064,3.0,2021-08-29T18:25:14Z
7453,tt0371724,movie,The Hitchhiker's Guide to the Galaxy,2005-04-28T00:00:00Z,,,6.678,3.0,2021-08-29T18:25:31Z
2270,tt0486655,movie,Stardust,2007-08-09T00:00:00Z,,,7.244,3.0,2021-08-29T18:25:46Z
16859,tt0097814,movie,魔女の宅急便,1989-07-29T00:00:00Z,,,7.827,3.0,2021-08-29T18:26:08Z
12144,tt0095489,movie,The Land Before Time,1988-11-18T00:00:00Z,,,7.091,3.0,2021-08-29T18:26:29Z
8202,tt0402022,movie,Æon Flux,2005-11-30T00:00:00Z,,,5.584,3.0,2021-08-29T18:26:46Z
863795,,movie,Æon Flux,1997-09-02T00:00:00Z,,,5.0,3.0,2021-08-29T18:29:05Z
7443,tt0120630,movie,Chicken Run,2000-06-21T00:00:00Z,,,6.708,3.0,2021-08-29T18:29:56Z
12525,tt0101628,movie,Critters 4,1992-08-20T00:00:00Z,,,4.98,3.0,2021-08-29T18:30:10Z
10693,tt0046183,movie,Peter Pan,1953-02-05T00:00:00Z,,,7.239,3.0,2021-08-29T18:30:49Z
10481,tt0211181,movie,102 Dalmatians,2000-10-07T00:00:00Z,,,5.5,3.0,2021-08-29T18:31:02Z
10923,tt0313911,movie,Agent Cody Banks,2003-03-14T00:00:00Z,,,5.436,3.0,2021-08-29T18:31:26Z
332,tt0141369,movie,Inspector Gadget,1999-07-23T00:00:00Z,,,4.455,3.0,2021-08-29T18:31:52Z
19766,tt0301454,movie,Inspector Gadget 2,2003-03-11T00:00:00Z,,,4.096,2.0,2021-08-29T18:32:15Z
4035,tt0085033,tv,Inspector Gadget,1983-09-10T00:00:00Z,,,7.009,3.0,2021-08-29T18:32:52Z
10340,tt0048280,movie,Lady and the Tramp,1955-06-22T00:00:00Z,,,7.102,3.0,2021-08-29T18:33:27Z
11224,tt0042332,movie,Cinderella,1950-02-22T00:00:00Z,,,7.031,3.0,2021-08-29T18:33:59Z
11970,tt0119282,movie,Hercules,1997-06-20T00:00:00Z,,,7.512,3.0,2021-08-29T18:37:03Z
2567,tt0138967,tv,Hercules,1998-08-31T00:00:00Z,,,6.588,3.0,2021-08-29T18:37:25Z
4615,tt0111999,tv,Hercules: The Legendary Journeys,1995-01-29T00:00:00Z,,,6.958,3.0,2021-08-29T18:37:31Z
75826,tt0110017,movie,Hercules and the Lost Kingdom,1994-05-02T00:00:00Z,,,5.923,3.0,2021-08-29T18:37:57Z
37404,tt0110015,movie,Hercules and the Amazon Women,1994-04-24T00:00:00Z,,,5.909,3.0,2021-08-29T18:38:05Z
75834,tt0110019,movie,Hercules in the Underworld,1994-11-07T00:00:00Z,,,5.47,3.0,2021-08-29T18:38:12Z
75822,tt0110016,movie,Hercules and the Circle of Fire,1994-11-05T00:00:00Z,,,6.265,3.0,2021-08-29T18:38:22Z
70811,tt0110018,movie,Hercules in the Maze of the Minotaur,1994-11-19T00:00:00Z,,,5.519,3.0,2021-08-29T18:38:30Z
798481,tt2119593,movie,"Poirot: ""The Labours of Hercules""",2013-02-01T00:00:00Z,,,5.0,5.0,2021-08-29T18:39:41Z
790,tt0094525,tv,Agatha Christie's Poirot,1989-01-08T00:00:00Z,,,8.092,6.0,2021-08-29T18:40:32Z
1593,tt0477347,movie,Night at the Museum,2006-10-20T00:00:00Z,,,6.547,3.0,2021-08-29T18:42:28Z
17654,tt1136608,movie,District 9,2009-08-05T00:00:00Z,,,7.381,3.0,2021-08-29T18:42:40Z
14836,tt0327597,movie,Coraline,2009-02-05T00:00:00Z,,,7.747,3.0,2021-08-29T18:42:52Z
5689,tt0080453,movie,The Blue Lagoon,1980-07-05T00:00:00Z,,,6.169,3.0,2021-08-29T18:43:05Z
14160,tt1049413,movie,Up,2009-05-28T00:00:00Z,,,7.93,4.0,2021-08-29T18:43:57Z
13475,tt0796366,movie,Star Trek,2009-05-06T00:00:00Z,,,7.423,3.0,2021-08-29T18:44:11Z
254,tt0360717,movie,King Kong,2005-12-12T00:00:00Z,,,6.824,3.0,2021-08-29T18:44:24Z
87,tt0087469,movie,Indiana Jones and the Temple of Doom,1984-05-23T00:00:00Z,,,7.273,3.0,2021-08-29T18:44:54Z
8373,tt1055369,movie,Transformers: Revenge of the Fallen,2009-06-19T00:00:00Z,,,6.118,3.0,2021-08-29T18:45:10Z
411,tt0363771,movie,"The Chronicles of Narnia: The Lion, the Witch and the Wardrobe",2005-12-07T00:00:00Z,,,7.095,3.0,2021-08-29T18:45:20Z
8909,tt0493464,movie,Wanted,2008-06-19T00:00:00Z,,,6.485,3.0,2021-08-29T18:45:39Z
79853,tt0211896,movie,38 попугаев,1976-07-13T00:00:00Z,,,6.712,3.0,2021-08-29T18:45:55Z
44912,tt1133985,movie,Green Lantern,2011-06-16T00:00:00Z,,,5.169,3.0,2021-08-29T18:46:07Z
35,tt0462538,movie,The Simpsons Movie,2007-07-25T00:00:00Z,,,6.982,3.0,2021-08-29T18:46:18Z
810,tt0413267,movie,Shrek the Third,2007-05-17T00:00:00Z,,,6.245,4.0,2021-08-29T18:46:33Z
10192,tt0892791,movie,Shrek Forever After,2010-05-16T00:00:00Z,,,6.262,4.0,2021-08-29T18:46:44Z
953,tt0351283,movie,Madagascar,2005-05-25T00:00:00Z,,,6.859,4.0,2021-08-29T18:47:07Z
10527,tt0479952,movie,Madagascar: Escape 2 Africa,2008-10-30T00:00:00Z,,,6.441,4.0,2021-08-29T18:47:16Z
80321,tt1277953,movie,Madagascar 3: Europe's Most Wanted,2012-06-06T00:00:00Z,,,6.579,4.0,2021-08-29T18:47:29Z
14161,tt1190080,movie,2012,2009-10-10T00:00:00Z,,,5.78,5.0,2021-08-29T18:48:18Z
10555,tt0307453,movie,Shark Tale,2004-09-20T00:00:00Z,,,6.022,4.0,2021-08-29T18:48:34Z
7518,tt0327084,movie,Over the Hedge,2006-05-17T00:00:00Z,,,6.497,4.0,2021-08-29T18:48:46Z
14175,tt0361089,movie,Valiant,2005-03-25T00:00:00Z,,,5.485,4.0,2021-08-29T18:49:00Z
8916,tt0120587,movie,Antz,1998-10-02T00:00:00Z,,,6.122,4.0,2021-08-29T18:49:13Z
10137,tt0164912,movie,Stuart Little,1999-12-17T00:00:00Z,,,6.033,4.0,2021-08-29T18:49:26Z
10996,tt0243585,movie,Stuart Little 2,2002-07-19T00:00:00Z,,,5.731,4.0,2021-08-29T18:49:31Z
8839,tt0112642,movie,Casper,1995-05-26T00:00:00Z,,,6.31,4.0,2021-08-29T18:50:02Z
12279,tt0338459,movie,Spy Kids 3-D: Game Over,2003-07-25T00:00:00Z,,,5.082,4.0,2021-08-29T18:51:00Z
10054,tt0227538,movie,Spy Kids,2001-03-18T00:00:00Z,,,5.774,4.0,2021-08-29T18:51:22Z
9488,tt0287717,movie,Spy Kids 2: The Island of Lost Dreams,2002-08-07T00:00:00Z,,,5.59,4.0,2021-08-29T18:51:42Z
1724,tt0800080,movie,The Incredible Hulk,2008-06-12T00:00:00Z,,,6.192,4.0,2021-08-29T18:52:49Z
1927,tt0286716,movie,Hulk,2003-06-19T00:00:00Z,,,5.498,4.0,2021-08-29T18:53:04Z
36648,tt0359013,movie,Blade: Trinity,2004-12-08T00:00:00Z,,,5.856,4.0,2021-08-29T18:53:38Z
36647,tt0120611,movie,Blade,1998-08-21T00:00:00Z,,,6.707,5.0,2021-08-29T18:54:10Z
36586,tt0187738,movie,Blade II,2002-03-22T00:00:00Z,,,6.466,5.0,2021-08-29T18:54:25Z
9471,tt0305357,movie,Charlie's Angels: Full Throttle,2003-06-27T00:00:00Z,,,5.457,4.0,2021-08-29T18:54:57Z
4327,tt0160127,movie,Charlie's Angels,2000-11-02T00:00:00Z,,,5.824,5.0,2021-08-29T18:56:08Z
3050,tt0118998,movie,Doctor Dolittle,1998-06-26T00:00:00Z,,,5.661,4.0,2021-08-29T18:56:33Z
12536,tt13677540,movie,Home Alone 4,2002-11-03T00:00:00Z,,,4.518,3.0,2021-08-29T18:56:59Z
771,tt0099785,movie,Home Alone,1990-11-16T00:00:00Z,,,7.345,4.0,2021-08-29T18:57:13Z
772,tt0104431,movie,Home Alone 2: Lost in New York,1992-11-19T00:00:00Z,,,6.652,5.0,2021-08-29T18:57:28Z
9714,tt0119303,movie,Home Alone 3,1997-12-12T00:00:00Z,,,5.281,4.0,2021-08-29T18:57:47Z
12230,tt0055254,movie,One Hundred and One Dalmatians,1961-01-25T00:00:00Z,,,7.149,4.0,2021-08-29T18:58:47Z
11497,tt0096787,movie,All Dogs Go to Heaven,1989-11-17T00:00:00Z,,,6.734,4.0,2021-08-29T18:59:06Z
1969,tt0416496,movie,Bandidas,2006-01-18T00:00:00Z,,,6.015,4.0,2021-08-29T18:59:23Z
10723,tt0115783,movie,Bulletproof,1996-09-06T00:00:00Z,,,5.662,3.0,2021-08-29T18:59:43Z
11078,tt0271668,movie,National Security,2003-01-17T00:00:00Z,,,5.902,4.0,2021-08-29T18:59:54Z
8457,tt0817538,movie,Drillbit Taylor,2008-02-04T00:00:00Z,,,5.713,4.0,2021-08-29T19:00:11Z
27578,tt1320253,movie,The Expendables,2010-08-03T00:00:00Z,,,6.175,4.0,2021-08-29T19:00:27Z
14043,tt0479500,movie,Nancy Drew,2007-06-15T00:00:00Z,,,6.045,4.0,2021-08-29T19:01:09Z
46195,tt1436562,movie,Rio,2011-04-03T00:00:00Z,,,6.68,4.0,2021-08-29T19:01:24Z
1771,tt0458339,movie,Captain America: The First Avenger,2011-07-22T00:00:00Z,,,6.971,5.0,2021-08-29T19:02:41Z
100402,tt1843866,movie,Captain America: The Winter Soldier,2014-03-20T00:00:00Z,,,7.679,5.0,2021-08-29T19:03:02Z
271110,tt3498820,movie,Captain America: Civil War,2016-04-27T00:00:00Z,,,7.423,6.0,2021-08-29T19:03:20Z
39254,tt0433035,movie,Real Steel,2011-09-28T00:00:00Z,,,6.9,4.0,2021-08-29T19:04:09Z
83865,tt2141789,movie,Иван Царевич и Серый Волк,2011-12-29T00:00:00Z,,,6.015,4.0,2021-08-29T19:04:23Z
296,tt0181852,movie,Terminator 3: Rise of the Machines,2003-07-02T00:00:00Z,,,6.115,4.0,2021-08-29T19:05:16Z
218,tt0088247,movie,The Terminator,1984-10-26T00:00:00Z,,,7.605,5.0,2021-08-29T19:05:44Z
280,tt0103064,movie,Terminator 2: Judgment Day,1991-07-03T00:00:00Z,,,8.054,5.0,2021-08-29T19:05:56Z
39514,tt1245526,movie,RED,2010-10-13T00:00:00Z,,,6.684,4.0,2021-08-29T19:07:30Z
9574,tt0119137,movie,Flubber,1997-11-26T00:00:00Z,,,5.628,4.0,2021-08-29T19:07:41Z
36657,tt0120903,movie,X-Men,2000-07-13T00:00:00Z,,,6.979,4.0,2021-08-29T19:08:12Z
36658,tt0290334,movie,X2,2003-04-24T00:00:00Z,,,7.006,7.0,2021-08-29T19:08:41Z
36668,tt0376994,movie,X-Men: The Last Stand,2006-05-24T00:00:00Z,,,6.401,4.0,2021-08-29T19:08:59Z
49538,tt1270798,movie,X-Men: First Class,2011-06-01T00:00:00Z,,,7.288,4.0,2021-08-29T19:09:14Z
127585,tt1877832,movie,X-Men: Days of Future Past,2014-05-15T00:00:00Z,,,7.524,6.0,2021-08-29T19:09:37Z
246655,tt3385516,movie,X-Men: Apocalypse,2016-05-18T00:00:00Z,,,6.525,7.0,2021-08-29T19:10:03Z
320288,tt6565702,movie,Dark Phoenix,2019-06-05T00:00:00Z,,,6.043,6.0,2021-08-29T19:10:42Z
263115,tt3315342,movie,Logan,2017-02-28T00:00:00Z,,,7.805,8.0,2021-08-29T19:11:52Z
557,tt0145487,movie,Spider-Man,2002-05-01T00:00:00Z,,,7.185,4.0,2021-08-29T19:12:15Z
558,tt0316654,movie,Spider-Man 2,2004-06-25T00:00:00Z,,,7.133,4.0,2021-08-29T19:12:37Z
559,tt0413300,movie,Spider-Man 3,2007-05-01T00:00:00Z,,,6.286,4.0,2021-08-29T19:12:51Z
1930,tt0948470,movie,The Amazing Spider-Man,2012-06-23T00:00:00Z,,,6.591,4.0,2021-08-29T19:13:21Z
102382,tt1872181,movie,The Amazing Spider-Man 2,2014-04-16T00:00:00Z,,,6.412,6.0,2021-08-29T19:14:05Z
787,tt0356910,movie,Mr. & Mrs. Smith,2005-06-07T00:00:00Z,,,6.66,5.0,2021-08-29T19:14:45Z
105,tt0088763,movie,Back to the Future,1985-07-03T00:00:00Z,,,8.298,4.0,2021-08-29T19:15:03Z
165,tt0096874,movie,Back to the Future Part II,1989-11-22T00:00:00Z,,,7.737,5.0,2021-08-29T19:15:34Z
196,tt0099088,movie,Back to the Future Part III,1990-05-25T00:00:00Z,,,7.443,5.0,2021-08-29T19:15:47Z
808,tt0126029,movie,Shrek,2001-05-18T00:00:00Z,,,7.668,4.0,2021-08-29T19:16:12Z
809,tt0298148,movie,Shrek 2,2004-05-19T00:00:00Z,,,7.138,4.0,2021-08-29T19:17:00Z
58,tt0383574,movie,Pirates of the Caribbean: Dead Man's Chest,2006-07-06T00:00:00Z,,,7.293,4.0,2021-08-29T19:17:43Z
22,tt0325980,movie,Pirates of the Caribbean: The Curse of the Black Pearl,2003-07-09T00:00:00Z,,,7.748,8.0,2021-08-29T19:18:11Z
285,tt0449088,movie,Pirates of the Caribbean: At World's End,2007-05-19T00:00:00Z,,,7.208,6.0,2021-08-29T19:18:27Z
1865,tt1298650,movie,Pirates of the Caribbean: On Stranger Tides,2011-05-14T00:00:00Z,,,6.49,8.0,2021-08-29T19:18:43Z
166426,tt1790809,movie,Pirates of the Caribbean: Dead Men Tell No Tales,2017-05-23T00:00:00Z,,,6.63,6.0,2021-08-29T19:18:50Z
862,tt0114709,movie,Toy Story,1995-10-30T00:00:00Z,,,7.951,4.0,2021-08-29T19:20:02Z
46072,,tv,Каламбур,1996-10-12T00:00:00Z,,,4.0,4.0,2021-08-29T19:21:15Z
10195,tt0800369,movie,Thor,2011-04-21T00:00:00Z,,,6.768,4.0,2021-08-29T19:21:28Z
76338,tt1981115,movie,Thor: The Dark World,2013-10-30T00:00:00Z,,,6.603,4.0,2021-08-29T19:21:49Z
284053,tt3501632,movie,Thor: Ragnarok,2017-10-25T00:00:00Z,,,7.59,6.0,2021-08-29T19:21:57Z
72886,tt0363828,movie,Mortal Kombat: The Journey Begins,1995-08-28T00:00:00Z,,,3.875,4.0,2021-08-29T19:22:32Z
9823,tt0119707,movie,Mortal Kombat: Annihilation,1997-11-11T00:00:00Z,,,4.525,4.0,2021-08-29T19:23:05Z
237,tt0170982,tv,Mortal Kombat: Conquest,1998-10-03T00:00:00Z,,,6.837,2.0,2021-08-29T19:23:25Z
61579,tt1842127,tv,Mortal Kombat: Legacy,2011-04-12T00:00:00Z,,,6.903,2.0,2021-08-29T19:23:41Z
664767,tt9580138,movie,Mortal Kombat Legends: Scorpion's Revenge,2020-04-12T00:00:00Z,,,8.32,7.0,2021-08-29T19:24:33Z
460465,tt0293429,movie,Mortal Kombat,2021-04-07T00:00:00Z,,,7.344,5.0,2021-08-29T19:24:48Z
9732,tt0120131,movie,The Lion King II: Simba's Pride,1998-10-24T00:00:00Z,,,6.972,4.0,2021-08-29T19:25:06Z
8587,tt0110357,movie,The Lion King,1994-06-23T00:00:00Z,,,8.255,4.0,2021-08-29T19:25:24Z
11430,tt0318403,movie,The Lion King 1½,2004-02-06T00:00:00Z,,,6.588,4.0,2021-08-29T19:25:30Z
81,tt0087544,movie,風の谷のナウシカ,1984-03-11T00:00:00Z,,,7.925,4.0,2021-08-29T19:25:52Z
12,tt0266543,movie,Finding Nemo,2003-05-30T00:00:00Z,,,7.819,4.0,2021-08-29T19:28:14Z
2122,tt0327247,movie,The Whole Ten Yards,2004-04-07T00:00:00Z,,,5.692,5.0,2021-08-29T19:32:53Z
745,tt0167404,movie,The Sixth Sense,1999-08-06T00:00:00Z,,,7.935,6.0,2021-08-29T19:33:06Z
122,tt0167260,movie,The Lord of the Rings: The Return of the King,2003-12-01T00:00:00Z,,,8.474,7.0,2021-08-29T19:34:18Z
120,tt0120737,movie,The Lord of the Rings: The Fellowship of the Ring,2001-12-18T00:00:00Z,,,8.363,7.0,2021-08-29T19:34:38Z
121,tt0167261,movie,The Lord of the Rings: The Two Towers,2002-12-18T00:00:00Z,,,8.347,7.0,2021-08-29T19:34:44Z
49051,tt0903624,movie,The Hobbit: An Unexpected Journey,2012-11-26T00:00:00Z,,,7.299,5.0,2021-08-29T19:35:18Z
57158,tt1170358,movie,The Hobbit: The Desolation of Smaug,2013-12-11T00:00:00Z,,,7.579,6.0,2021-08-29T19:35:29Z
122917,tt2310332,movie,The Hobbit: The Battle of the Five Armies,2014-12-10T00:00:00Z,,,7.298,6.0,2021-08-29T19:37:15Z
10528,tt0988045,movie,Sherlock Holmes,2009-01-01T00:00:00Z,,,7.188,5.0,2021-08-29T19:37:58Z
58574,tt1515091,movie,Sherlock Holmes: A Game of Shadows,2011-11-22T00:00:00Z,,,7.123,6.0,2021-08-29T19:38:21Z
38055,tt1001526,movie,Megamind,2010-10-28T00:00:00Z,,,6.891,5.0,2021-08-29T19:38:54Z
12155,tt1014759,movie,Alice in Wonderland,2010-03-03T00:00:00Z,,,6.601,5.0,2021-08-29T19:39:36Z
562,tt0095016,movie,Die Hard,1988-07-15T00:00:00Z,,,7.73,5.0,2021-08-29T19:39:56Z
1573,tt0099423,movie,Die Hard 2,1990-07-02T00:00:00Z,,,6.893,6.0,2021-08-29T19:40:17Z
1572,tt0112864,movie,Die Hard: With a Vengeance,1995-05-19T00:00:00Z,,,7.206,6.0,2021-08-29T19:40:24Z
18,tt0119116,movie,The Fifth Element,1997-05-02T00:00:00Z,,,7.499,5.0,2021-08-29T19:41:16Z
19995,tt0499549,movie,Avatar,2009-12-10T00:00:00Z,,,7.482,5.0,2021-08-29T19:41:35Z
197,tt0112573,movie,Braveheart,1995-05-24T00:00:00Z,,,7.923,5.0,2021-08-29T19:43:32Z
11,tt0076759,movie,Star Wars,1977-05-25T00:00:00Z,,,8.204,5.0,2021-08-29T19:44:17Z
1891,tt0080684,movie,The Empire Strikes Back,1980-05-20T00:00:00Z,,,8.382,5.0,2021-08-29T19:44:23Z
1892,tt0086190,movie,Return of the Jedi,1983-05-25T00:00:00Z,,,7.912,5.0,2021-08-29T19:44:31Z
1893,tt0120915,movie,Star Wars: Episode I - The Phantom Menace,1999-05-19T00:00:00Z,,,6.502,5.0,2021-08-29T19:45:22Z
1894,tt0121765,movie,Star Wars: Episode II - Attack of the Clones,2002-05-15T00:00:00Z,,,6.535,5.0,2021-08-29T19:47:20Z
1895,tt0121766,movie,Star Wars: Episode III - Revenge of the Sith,2005-05-17T00:00:00Z,,,7.359,5.0,2021-08-29T19:47:34Z
140607,tt2488496,movie,Star Wars: The Force Awakens,2015-12-15T00:00:00Z,,,7.346,5.0,2021-08-29T19:47:42Z
181808,tt2527336,movie,Star Wars: The Last Jedi,2017-12-13T00:00:00Z,,,6.9,5.0,2021-08-29T19:47:49Z
604,tt0234215,movie,The Matrix Reloaded,2003-05-15T00:00:00Z,,,6.988,5.0,2021-08-29T19:48:24Z
605,tt0242653,movie,The Matrix Revolutions,2003-11-05T00:00:00Z,,,6.673,5.0,2021-08-29T19:48:37Z
603,tt0133093,movie,The Matrix,1999-03-30T00:00:00Z,,,8.163,6.0,2021-08-29T19:48:59Z
1576,tt0120804,movie,Resident Evil,2002-03-15T00:00:00Z,,,6.597,4.0,2021-08-29T19:50:04Z
2062,tt0382932,movie,Ratatouille,2007-06-28T00:00:00Z,,,7.751,5.0,2021-08-29T19:50:42Z
155,tt0468569,movie,The Dark Knight,2008-07-14T00:00:00Z,,,8.475,6.0,2021-08-29T19:50:56Z
272,tt0372784,movie,Batman Begins,2005-06-10T00:00:00Z,,,7.678,8.0,2021-08-29T19:51:21Z
49026,tt1345836,movie,The Dark Knight Rises,2012-07-16T00:00:00Z,,,7.756,8.0,2021-08-29T19:52:04Z
10681,tt0910970,movie,WALL·E,2008-06-22T00:00:00Z,,,8.046,5.0,2021-08-29T19:52:57Z
1726,tt0371746,movie,Iron Man,2008-04-30T00:00:00Z,,,7.617,5.0,2021-08-29T19:53:09Z
10138,tt1228705,movie,Iron Man 2,2010-04-28T00:00:00Z,,,6.835,5.0,2021-08-29T19:53:27Z
68721,tt1300854,movie,Iron Man 3,2013-04-18T00:00:00Z,,,6.929,6.0,2021-08-29T19:53:34Z
1618,tt0275137,tv,Justice League,2001-11-17T00:00:00Z,,,8.068,5.0,2021-08-29T19:56:50Z
76492,tt0837562,movie,Hotel Transylvania,2012-09-20T00:00:00Z,,,6.947,4.0,2021-08-29T20:05:35Z
157350,tt1840309,movie,Divergent,2014-03-14T00:00:00Z,,,6.931,4.0,2021-08-29T20:07:25Z
162215,tt1894476,movie,How I Live Now,2013-09-10T00:00:00Z,,,6.63,5.0,2021-08-29T20:08:08Z
98566,tt1291150,movie,Teenage Mutant Ninja Turtles,2014-08-07T00:00:00Z,,,5.884,4.0,2021-08-29T20:08:42Z
1498,tt0100758,movie,Teenage Mutant Ninja Turtles,1990-03-30T00:00:00Z,,,6.577,2.0,2021-08-29T20:09:14Z
1273,tt0453556,movie,TMNT,2007-03-23T00:00:00Z,,,6.035,4.0,2021-08-29T20:09:46Z
1497,tt0103060,movie,Teenage Mutant Ninja Turtles II: The Secret of the Ooze,1991-03-22T00:00:00Z,,,6.069,2.0,2021-08-29T20:10:20Z
1499,tt0108308,movie,Teenage Mutant Ninja Turtles III,1993-03-17T00:00:00Z,,,5.386,2.0,2021-08-29T20:10:30Z
81188,tt1446192,movie,Rise of the Guardians,2012-11-21T00:00:00Z,,,7.344,5.0,2021-08-29T20:11:01Z
177572,tt2245084,movie,Big Hero 6,2014-10-24T00:00:00Z,,,7.753,5.0,2021-08-29T20:11:13Z
107,tt0208092,movie,Snatch,2000-09-01T00:00:00Z,,,7.784,4.0,2021-08-29T20:11:31Z
49524,tt0790736,movie,R.I.P.D.,2013-07-18T00:00:00Z,,,5.747,4.0,2021-08-29T20:12:03Z
101299,tt1951264,movie,The Hunger Games: Catching Fire,2013-11-15T00:00:00Z,,,7.427,5.0,2021-08-29T20:12:30Z
70160,tt1392170,movie,The Hunger Games,2012-03-12T00:00:00Z,,,7.171,6.0,2021-08-29T20:12:44Z
131631,tt1951265,movie,The Hunger Games: Mockingjay - Part 1,2014-11-19T00:00:00Z,,,6.795,4.0,2021-08-29T20:12:56Z
131634,tt1951266,movie,The Hunger Games: Mockingjay - Part 2,2015-11-18T00:00:00Z,,,6.889,6.0,2021-08-29T20:15:04Z
49519,tt0481499,movie,The Croods,2013-03-15T00:00:00Z,,,6.919,4.0,2021-08-29T20:15:49Z
561,tt0360486,movie,Constantine,2005-02-08T00:00:00Z,,,6.962,5.0,2021-08-29T20:16:54Z
98581,tt2258239,movie,8 первых свиданий,2012-03-08T00:00:00Z,,,7.048,4.0,2021-08-29T20:17:09Z
127493,tt1656186,movie,Stolen,2012-09-06T00:00:00Z,,,5.405,4.0,2021-08-29T20:17:55Z
10610,tt0288045,movie,The Medallion,2003-08-15T00:00:00Z,,,5.588,5.0,2021-08-29T20:18:01Z
36557,tt0381061,movie,Casino Royale,2006-11-14T00:00:00Z,,,7.486,4.0,2021-08-29T20:18:50Z
77948,tt1366365,movie,The Cold Light of Day,2012-04-04T00:00:00Z,,,5.277,4.0,2021-08-29T20:19:15Z
73,tt0120586,movie,American History X,1998-07-01T00:00:00Z,,,8.373,5.0,2021-08-29T20:19:33Z
12834,tt1151359,movie,Leaves of Grass,2009-09-13T00:00:00Z,,,6.017,5.0,2021-08-29T20:19:58Z
61979,tt1648216,movie,Tres metros sobre el cielo,2010-12-03T00:00:00Z,,,7.789,4.0,2021-08-29T20:20:12Z
12405,tt1010048,movie,Slumdog Millionaire,2008-11-12T00:00:00Z,,,7.741,5.0,2021-08-29T20:20:39Z
13161,tt0490086,movie,Big Stan,2007-06-06T00:00:00Z,,,6.318,4.0,2021-08-29T20:20:49Z
9621,tt0368709,movie,Elizabethtown,2005-10-14T00:00:00Z,,,6.165,5.0,2021-08-29T20:20:59Z
24,tt0266697,movie,Kill Bill: Vol. 1,2003-10-10T00:00:00Z,,,7.968,8.0,2021-08-29T20:21:25Z
393,tt0378194,movie,Kill Bill: Vol. 2,2004-04-16T00:00:00Z,,,7.878,5.0,2021-08-29T20:21:31Z
38,tt0338013,movie,Eternal Sunshine of the Spotless Mind,2004-03-19T00:00:00Z,,,8.09,6.0,2021-08-29T20:21:53Z
62276,tt0381936,movie,Бумер,2003-08-02T00:00:00Z,,,6.365,4.0,2021-08-29T20:22:08Z
52451,tt1509767,movie,The Three Musketeers,2011-08-31T00:00:00Z,,,5.799,3.0,2021-08-29T20:23:19Z
375384,tt1914302,movie,Lie Detector,2011-07-22T00:00:00Z,,,6.857,5.0,2021-08-29T20:23:37Z
9896,tt0250687,movie,Rat Race,2001-08-17T00:00:00Z,,,6.208,5.0,2021-08-29T20:23:57Z
34729,tt0270560,movie,Our Lips Are Sealed,2000-05-18T00:00:00Z,,,5.975,5.0,2021-08-29T20:24:11Z
33689,tt0113442,movie,It Takes Two,1995-11-17T00:00:00Z,,,6.447,5.0,2021-08-29T20:24:24Z
2758,tt0106220,movie,Addams Family Values,1993-11-19T00:00:00Z,,,6.866,5.0,2021-08-29T20:24:39Z
2907,tt0101272,movie,The Addams Family,1991-11-22T00:00:00Z,,,6.994,5.0,2021-08-29T20:24:51Z
481084,tt1620981,movie,The Addams Family,2019-10-10T00:00:00Z,,,6.622,4.0,2021-08-29T20:25:24Z
14452,tt1107859,movie,Kill Switch,2008-10-06T00:00:00Z,,,4.596,5.0,2021-08-29T20:26:48Z
26583,tt1296869,movie,The Keeper,2009-10-03T00:00:00Z,,,5.231,5.0,2021-08-29T20:26:58Z
28465,tt1360767,movie,A Dangerous Man,2009-12-28T00:00:00Z,,,5.24,5.0,2021-08-29T20:27:16Z
9374,tt0104070,movie,Death Becomes Her,1992-07-30T00:00:00Z,,,6.738,5.0,2021-08-29T20:27:28Z
20875,tt0059550,movie,Операция «Ы» и другие приключения Шурика,1965-08-16T00:00:00Z,,,7.952,5.0,2021-08-29T20:27:43Z
20878,tt0060584,movie,"Кавказская пленница, или Новые приключения Шурика",1967-04-01T00:00:00Z,,,7.85,5.0,2021-08-29T20:27:53Z
51349,tt0378262,movie,Карлик Нос,2003-03-20T00:00:00Z,,,6.861,4.0,2021-08-29T20:28:06Z
2268,tt0385752,movie,The Golden Compass,2007-12-04T00:00:00Z,,,6.033,4.0,2021-08-29T20:28:27Z
181812,tt2527338,movie,Star Wars: The Rise of Skywalker,2019-12-18T00:00:00Z,,,6.495,5.0,2021-08-30T12:45:06Z
841755,tt14901058,movie,Mortal Kombat Legends: Battle of the Realms,2021-08-30T00:00:00Z,,,8.113,4.0,2021-09-01T19:26:38Z
60726,tt3487382,tv,Forever,2014-09-22T00:00:00Z,,,7.64,9.0,2021-09-05T21:03:32Z
60625,tt2861424,tv,Rick and Morty,2013-12-02T00:00:00Z,,,8.786,8.0,2021-09-07T19:21:02Z
10865,tt0230011,movie,Atlantis: The Lost Empire,2001-06-02T00:00:00Z,,,6.943,5.0,2021-09-07T19:36:58Z
20683,tt1506448,movie,ペイル・コクーン,2006-01-18T00:00:00Z,,,6.524,5.0,2021-09-07T19:37:12Z
8953,tt0348121,movie,スチームボーイ,2004-07-17T00:00:00Z,,,6.874,5.0,2021-09-07T19:37:30Z
15877,tt1056437,movie,スカイ・クロラ,2008-08-02T00:00:00Z,,,6.673,5.0,2021-09-07T19:37:41Z
14003,tt0485323,movie,劇場版 鋼の錬金術師 シャンバラを征く者,2005-07-21T00:00:00Z,,,7.247,5.0,2021-09-07T19:38:07Z
37863,tt0421357,tv,鋼の錬金術師,2003-10-04T00:00:00Z,,,8.283,8.0,2021-09-07T19:39:15Z
31911,tt1355642,tv,鋼の錬金術師 FULLMETAL ALCHEMIST,2009-04-05T00:00:00Z,,,8.67,7.0,2021-09-07T19:39:42Z
31648,tt0065670,movie,12 стульев,1971-06-21T00:00:00Z,,,7.556,5.0,2021-09-07T19:42:24Z
20871,tt0068519,movie,Джентльмены удачи,1971-12-13T00:00:00Z,,,7.867,5.0,2021-09-07T19:42:38Z
13183,tt0409459,movie,Watchmen,2009-03-05T00:00:00Z,,,7.302,7.0,2021-09-07T19:42:55Z
142,tt0388795,movie,Brokeback Mountain,2005-09-10T00:00:00Z,,,7.825,5.0,2021-09-07T19:43:12Z
1271,tt0416449,movie,300,2007-03-07T00:00:00Z,,,7.154,5.0,2021-09-07T19:43:24Z
37933,tt0495596,movie,ゲド戦記,2006-07-29T00:00:00Z,,,6.56,5.0,2021-09-07T19:43:37Z
10982,tt0443536,movie,Hoodwinked!,2005-12-16T00:00:00Z,,,6.164,5.0,2021-09-07T19:43:50Z
33534,tt0465967,movie,Добрыня Никитич и Змей Горыныч,2006-03-16T00:00:00Z,,,6.741,5.0,2021-09-07T19:44:03Z
451172,tt1189893,movie,Илья Муромец и Соловей Разбойник,2007-12-28T00:00:00Z,,,6.841,5.0,2021-09-07T19:44:13Z
33065,tt0415481,movie,Алёша Попович и Тугарин Змей,2004-12-23T00:00:00Z,,,6.757,5.0,2021-09-07T19:44:23Z
52939,tt1796657,movie,Три богатыря и Шамаханская царица,2010-12-29T00:00:00Z,,,5.931,5.0,2021-09-07T19:44:31Z
11774,tt0339291,movie,Lemony Snicket's A Series of Unfortunate Events,2004-12-16T00:00:00Z,,,6.817,5.0,2021-09-07T19:44:44Z
9833,tt0293508,movie,The Phantom of the Opera,2004-12-08T00:00:00Z,,,7.262,5.0,2021-09-07T19:45:00Z
4442,tt0355295,movie,The Brothers Grimm,2005-08-26T00:00:00Z,,,5.762,5.0,2021-09-07T19:45:18Z
9806,tt0317705,movie,The Incredibles,2004-10-27T00:00:00Z,,,7.69,6.0,2021-09-07T19:45:34Z
260513,tt3606756,movie,Incredibles 2,2018-06-14T00:00:00Z,,,7.527,6.0,2021-09-07T19:46:07Z
9479,tt0107688,movie,The Nightmare Before Christmas,1993-10-09T00:00:00Z,,,7.839,5.0,2021-09-07T19:46:18Z
824,tt0203009,movie,Moulin Rouge!,2001-05-24T00:00:00Z,,,7.61,5.0,2021-09-07T19:46:34Z
9476,tt0183790,movie,A Knight's Tale,2001-05-11T00:00:00Z,,,6.849,5.0,2021-09-07T19:46:47Z
9444,tt0118617,movie,Anastasia,1997-11-20T00:00:00Z,,,7.631,5.0,2021-09-07T19:46:58Z
36129,tt0073099,movie,Ёжик в тумане,1975-10-23T00:00:00Z,,,7.418,5.0,2021-09-07T19:47:17Z
854,tt0110475,movie,The Mask,1994-07-29T00:00:00Z,,,6.9,5.0,2021-09-07T19:47:32Z
3981,tt0207201,movie,What Women Want,2000-12-15T00:00:00Z,,,6.399,5.0,2021-09-07T19:48:10Z
9874,tt0090859,movie,Cobra,1986-03-21T00:00:00Z,,,5.965,5.0,2021-09-07T19:48:26Z
11283,tt0396752,movie,Nanny McPhee,2005-10-21T00:00:00Z,,,6.628,5.0,2021-09-07T19:48:40Z
35019,tt1415283,movie,Nanny McPhee and the Big Bang,2010-03-26T00:00:00Z,,,6.272,4.0,2021-09-07T19:49:02Z
14362,tt0102614,movie,Out for Justice,1991-04-12T00:00:00Z,,,6.118,5.0,2021-09-07T19:49:14Z
13154,tt0102915,movie,Showdown in Little Tokyo,1991-08-23T00:00:00Z,,,6.287,5.0,2021-09-07T19:49:42Z
10136,tt0091129,movie,The Golden Child,1986-12-12T00:00:00Z,,,5.87,5.0,2021-09-07T19:49:55Z
1621,tt0086465,movie,Trading Places,1983-06-07T00:00:00Z,,,7.16,5.0,2021-09-07T19:50:09Z
10861,tt0117011,movie,Maximum Risk,1996-09-13T00:00:00Z,,,5.638,5.0,2021-09-07T19:50:22Z
10366,tt0176269,movie,Universal Soldier: The Return,1999-08-05T00:00:00Z,,,5.507,5.0,2021-09-07T19:50:45Z
9349,tt0105698,movie,Universal Soldier,1992-07-10T00:00:00Z,,,6.253,5.0,2021-09-07T19:51:02Z
11667,tt0111301,movie,Street Fighter,1994-12-23T00:00:00Z,,,4.544,5.0,2021-09-07T19:51:53Z
9103,tt0117420,movie,The Quest,1996-04-19T00:00:00Z,,,6.092,5.0,2021-09-07T19:52:22Z
2019,tt0107076,movie,Hard Target,1993-08-20T00:00:00Z,,,6.289,5.0,2021-09-07T19:52:33Z
8831,tt0111438,movie,Timecop,1994-09-15T00:00:00Z,,,5.951,5.0,2021-09-07T19:52:47Z
10413,tt0107711,movie,Nowhere to Run,1993-01-15T00:00:00Z,,,6.263,5.0,2021-09-07T19:53:00Z
865,tt0093894,movie,The Running Man,1987-11-13T00:00:00Z,,,6.501,5.0,2021-09-07T19:53:12Z
28597,tt0102719,movie,Problem Child 2,1991-07-03T00:00:00Z,,,5.849,5.0,2021-09-07T19:53:33Z
11077,tt0100419,movie,Problem Child,1990-07-27T00:00:00Z,,,5.979,4.0,2021-09-07T19:54:09Z
28601,tt0114188,movie,Problem Child 3: Junior in Love,1995-05-13T00:00:00Z,,,4.347,4.0,2021-09-07T19:54:16Z
11690,tt0092675,movie,Bloodsport,1988-02-26T00:00:00Z,,,6.97,5.0,2021-09-07T19:54:35Z
10222,tt0097659,movie,Kickboxer,1989-04-20T00:00:00Z,,,6.771,5.0,2021-09-07T19:55:05Z
9594,tt0101764,movie,Double Impact,1991-07-31T00:00:00Z,,,6.054,5.0,2021-09-07T19:55:42Z
861,tt0100802,movie,Total Recall,1990-06-01T00:00:00Z,,,7.26,5.0,2021-09-07T19:55:59Z
9593,tt0107362,movie,Last Action Hero,1993-06-18T00:00:00Z,,,6.376,5.0,2021-09-07T19:56:17Z
36955,tt0111503,movie,True Lies,1994-07-15T00:00:00Z,,,7.019,5.0,2021-09-07T19:56:34Z
942,tt0097733,movie,Lethal Weapon 2,1989-07-07T00:00:00Z,,,6.984,5.0,2021-09-07T19:56:53Z
943,tt0104714,movie,Lethal Weapon 3,1992-05-15T00:00:00Z,,,6.7,5.0,2021-09-07T19:56:59Z
944,tt0122151,movie,Lethal Weapon 4,1998-07-10T00:00:00Z,,,6.587,5.0,2021-09-07T19:57:07Z
941,tt0093409,movie,Lethal Weapon,1987-03-06T00:00:00Z,,,7.261,6.0,2021-09-07T19:57:31Z
9319,tt0102266,movie,The Last Boy Scout,1991-12-11T00:00:00Z,,,6.749,5.0,2021-09-07T19:57:51Z
41586,tt0177876,movie,K-911,1999-12-07T00:00:00Z,,,5.524,5.0,2021-09-07T19:58:41Z
6280,tt0110216,movie,Junior,1994-11-22T00:00:00Z,,,5.094,5.0,2021-09-07T19:58:52Z
9849,tt0120764,movie,My Favorite Martian,1999-02-11T00:00:00Z,,,5.582,5.0,2021-09-07T19:59:04Z
9876,tt0105477,movie,Stop! Or My Mom Will Shoot,1992-02-21T00:00:00Z,,,5.294,5.0,2021-09-07T19:59:50Z
9381,tt0364970,movie,Babylon A.D.,2008-08-20T00:00:00Z,,,5.561,5.0,2021-09-07T20:00:02Z
10020,tt0101414,movie,Beauty and the Beast,1991-10-22T00:00:00Z,,,7.74,5.0,2021-09-07T20:00:33Z
9502,tt0441773,movie,Kung Fu Panda,2008-06-04T00:00:00Z,,,7.17,7.0,2021-09-07T20:01:06Z
49444,tt1302011,movie,Kung Fu Panda 2,2011-05-25T00:00:00Z,,,6.878,6.0,2021-09-07T20:01:16Z
15854,tt1287845,movie,Kung Fu Panda: Secrets of the Furious Five,2008-11-08T00:00:00Z,,,6.656,5.0,2021-09-07T20:01:41Z
425,tt0268380,movie,Ice Age,2002-03-10T00:00:00Z,,,7.317,5.0,2021-09-07T20:02:06Z
950,tt0438097,movie,Ice Age: The Meltdown,2006-03-29T00:00:00Z,,,6.658,5.0,2021-09-07T20:02:12Z
8355,tt1080016,movie,Ice Age: Dawn of the Dinosaurs,2009-06-26T00:00:00Z,,,6.711,5.0,2021-09-07T20:02:20Z
9487,tt0120623,movie,A Bug's Life,1998-11-25T00:00:00Z,,,6.957,5.0,2021-09-07T20:05:11Z
5559,tt0389790,movie,Bee Movie,2007-10-28T00:00:00Z,,,5.98,5.0,2021-09-07T20:05:23Z
2789,tt0296572,movie,The Chronicles of Riddick,2004-06-11T00:00:00Z,,,6.481,5.0,2021-09-07T20:06:20Z
2059,tt0368891,movie,National Treasure,2004-11-19T00:00:00Z,,,6.582,5.0,2021-09-07T20:06:43Z
1995,tt0146316,movie,Lara Croft: Tomb Raider,2001-06-11T00:00:00Z,,,5.879,5.0,2021-09-07T20:07:15Z
1996,tt0325703,movie,Lara Croft: Tomb Raider - The Cradle of Life,2003-07-21T00:00:00Z,,,5.741,5.0,2021-09-07T20:07:23Z
9053,tt0398913,movie,DOA: Dead or Alive,2006-09-07T00:00:00Z,,,5.192,5.0,2021-09-07T20:07:34Z
812,tt0103639,movie,Aladdin,1992-11-25T00:00:00Z,,,7.639,5.0,2021-09-07T20:07:48Z
10484,tt0085354,movie,Les compères,1983-11-23T00:00:00Z,,,6.507,5.0,2021-09-07T20:08:12Z
11011,tt0110989,movie,Ri¢hie Ri¢h,1994-12-19T00:00:00Z,,,5.838,5.0,2021-09-07T20:08:27Z
10022,tt0395699,movie,The Pacifier,2005-03-04T00:00:00Z,,,6.049,5.0,2021-09-07T20:08:38Z
1735,tt0859163,movie,The Mummy: Tomb of the Dragon Emperor,2008-07-01T00:00:00Z,,,5.43,5.0,2021-09-07T20:08:49Z
2080,tt0458525,movie,X-Men Origins: Wolverine,2009-04-28T00:00:00Z,,,6.255,5.0,2021-09-07T20:09:16Z
76170,tt1430132,movie,The Wolverine,2013-07-23T00:00:00Z,,,6.374,3.0,2021-09-07T20:09:39Z
11679,tt0329774,movie,xXx: State of the Union,2005-04-27T00:00:00Z,,,5.011,5.0,2021-09-07T20:11:44Z
11653,tt0365847,movie,神話,2005-05-11T00:00:00Z,,,6.347,5.0,2021-09-07T20:33:21Z
245891,tt2911666,movie,John Wick,2014-10-22T00:00:00Z,,,7.35,4.0,2021-09-07T20:33:56Z
324552,tt4425200,movie,John Wick: Chapter 2,2017-02-08T00:00:00Z,,,7.248,4.0,2021-09-07T20:34:16Z
136418,tt1893256,movie,Hummingbird,2013-05-07T00:00:00Z,,,6.172,4.0,2021-09-07T20:34:46Z
10200,tt0970416,movie,The Day the Earth Stood Still,2008-12-10T00:00:00Z,,,5.529,4.0,2021-09-07T20:34:58Z
118340,tt2015381,movie,Guardians of the Galaxy,2014-07-30T00:00:00Z,,,7.908,5.0,2021-09-07T20:35:10Z
283995,tt3896198,movie,Guardians of the Galaxy Vol. 2,2017-04-19T00:00:00Z,,,7.637,7.0,2021-09-07T20:36:19Z
11678,tt0190865,movie,Vertical Limit,2000-12-08T00:00:00Z,,,5.993,4.0,2021-09-07T20:36:45Z
106646,tt0993846,movie,The Wolf of Wall Street,2013-12-25T00:00:00Z,,,8.019,4.0,2021-09-07T20:36:55Z
68724,tt1535108,movie,Elysium,2013-08-07T00:00:00Z,,,6.483,4.0,2021-09-07T20:37:05Z
62211,tt1453405,movie,Monsters University,2013-06-19T00:00:00Z,,,7.018,4.0,2021-09-07T20:37:49Z
585,tt0198781,movie,"Monsters, Inc.",2001-11-01T00:00:00Z,,,7.809,7.0,2021-09-07T20:38:42Z
146238,tt2364841,movie,Runner Runner,2013-09-24T00:00:00Z,,,5.676,4.0,2021-09-07T20:54:47Z
72105,tt1637725,movie,Ted,2012-06-29T00:00:00Z,,,6.369,4.0,2021-09-07T20:55:01Z
154922,tt2592484,movie,Три богатыря на дальних берегах,2012-12-27T00:00:00Z,,,5.279,4.0,2021-09-07T20:55:31Z
20526,tt1104001,movie,TRON: Legacy,2010-12-14T00:00:00Z,,,6.41,4.0,2021-09-07T20:55:45Z
44603,tt1212419,movie,Hereafter,2010-10-22T00:00:00Z,,,6.044,4.0,2021-09-07T20:56:17Z
59967,tt1276104,movie,Looper,2012-09-26T00:00:00Z,,,6.85,4.0,2021-09-07T20:56:37Z
53215,tt1051713,movie,Kiwi!,2006-01-01T00:00:00Z,,,6.981,4.0,2021-09-07T20:56:51Z
98604,tt2147597,movie,Zолушка,2012-02-14T00:00:00Z,,,4.583,4.0,2021-09-07T20:57:29Z
59962,tt1596350,movie,This Means War,2012-02-14T00:00:00Z,,,6.132,4.0,2021-09-07T20:57:39Z
62564,tt1650407,movie,"Få meg på, for faen",2011-08-19T00:00:00Z,,,6.417,4.0,2021-09-07T20:57:50Z
36161,tt0211729,movie,Винни-Пух,1969-01-01T00:00:00Z,,,7.136,4.0,2021-09-07T20:58:03Z
36163,tt0211730,movie,Винни-Пух идет в гости,1971-01-01T00:00:00Z,,,7.25,4.0,2021-09-07T20:58:08Z
36162,tt0208558,movie,Винни-Пух и день забот,1972-01-01T00:00:00Z,,,7.186,4.0,2021-09-07T20:58:14Z
38757,tt0398286,movie,Tangled,2010-11-24T00:00:00Z,,,7.578,4.0,2021-09-07T20:58:47Z
1957,tt0278435,movie,Enough,2002-05-21T00:00:00Z,,,6.608,4.0,2021-09-07T20:59:11Z
11529,tt0256415,movie,Sweet Home Alabama,2002-09-26T00:00:00Z,,,6.408,4.0,2021-09-07T20:59:22Z
7303,tt0252076,movie,Maid in Manhattan,2002-12-13T00:00:00Z,,,6.036,4.0,2021-09-07T20:59:33Z
8845,tt0105690,movie,Under Siege,1992-10-08T00:00:00Z,,,6.26,4.0,2021-09-07T21:00:06Z
14180,tt0416243,movie,Submerged,2005-05-06T00:00:00Z,,,4.164,4.0,2021-09-07T21:00:20Z
12542,tt0357474,movie,Belly of the Beast,2003-12-30T00:00:00Z,,,4.936,4.0,2021-09-07T21:00:30Z
46122,tt0242545,movie,成龍的傳奇,1998-07-17T00:00:00Z,,,6.352,4.0,2021-09-07T21:00:39Z
9268,tt0116213,movie,Eraser,1996-06-21T00:00:00Z,,,5.97,4.0,2021-09-07T21:00:53Z
20873,tt0062759,movie,Бриллиантовая рука,1968-02-02T00:00:00Z,,,7.944,4.0,2021-09-07T21:01:06Z
11511,tt0116756,movie,Kazaam,1996-07-17T00:00:00Z,,,4.266,4.0,2021-09-07T21:01:20Z
31162,tt1569364,movie,Чёрная Молния,2009-12-31T00:00:00Z,,,6.121,4.0,2021-09-07T21:01:35Z
203046,tt0145799,movie,Золотая антилопа,1954-08-08T00:00:00Z,,,6.929,4.0,2021-09-07T21:01:46Z
160046,tt0213309,movie,Вовка в Тридевятом царстве,1965-01-01T00:00:00Z,,,7.0,4.0,2021-09-07T21:01:57Z
11069,tt0114720,movie,Tremors 2: Aftershocks,1996-04-09T00:00:00Z,,,6.195,3.0,2021-09-07T21:02:26Z
9362,tt0100814,movie,Tremors,1990-01-19T00:00:00Z,,,6.818,4.0,2021-09-07T21:02:41Z
4414,tt0103442,tv,Highlander: The Series,1992-10-03T00:00:00Z,,,7.436,4.0,2021-09-07T21:03:13Z
8009,tt0091203,movie,Highlander,1986-03-07T00:00:00Z,,,6.934,4.0,2021-09-07T21:03:30Z
8010,tt0102034,movie,Highlander II: The Quickening,1991-01-13T00:00:00Z,,,4.776,4.0,2021-09-07T21:03:38Z
8011,tt0110027,movie,Highlander III: The Sorcerer,1994-11-29T00:00:00Z,,,4.731,4.0,2021-09-07T21:03:44Z
12211,tt0144964,movie,Highlander: Endgame,2000-09-01T00:00:00Z,,,4.827,4.0,2021-09-07T21:03:52Z
13360,tt0299981,movie,Highlander: The Source,2007-02-06T00:00:00Z,,,4.116,4.0,2021-09-07T21:04:19Z
4377,tt0144714,tv,Highlander: The Raven,1998-09-26T00:00:00Z,,,5.0,4.0,2021-09-07T21:04:38Z
31947,tt0091344,movie,King Kong Lives,1986-12-19T00:00:00Z,,,5.321,4.0,2021-09-07T21:05:05Z
12589,tt0268397,movie,Jimmy Neutron: Boy Genius,2001-12-21T00:00:00Z,,,5.882,4.0,2021-09-07T21:05:23Z
417924,tt1718829,movie,"Малыш и Карлсон, который живет на крыше",1971-01-01T00:00:00Z,,,6.545,4.0,2021-09-07T21:07:00Z
10960,tt0117397,movie,Project: ALF,1996-02-17T00:00:00Z,,,5.855,4.0,2021-09-07T21:07:18Z
8452,tt0216216,movie,The 6th Day,2000-11-17T00:00:00Z,,,5.928,4.0,2021-09-07T21:07:28Z
37797,tt0113824,movie,耳をすませば,1995-07-15T00:00:00Z,,,7.891,4.0,2021-09-07T21:07:43Z
445897,"",movie,Евгений Гришковец: Шёпот сердца,2017-03-09T00:00:00Z,,,7.5,5.0,2021-09-07T21:08:04Z
37789,tt0368197,movie,R.O.D リード・オア・ダイ,2001-05-23T00:00:00Z,,,6.25,4.0,2021-09-07T21:08:17Z
26173,tt0308974,tv,天使禁猟区,2000-05-25T00:00:00Z,,,6.667,4.0,2021-09-07T21:08:27Z
15999,tt0216651,movie,吸血鬼ハンターD ブラッドラスト,2000-08-25T00:00:00Z,,,7.57,4.0,2021-09-07T21:08:43Z
21036,tt0069058,movie,パンダコパンダ,1972-12-17T00:00:00Z,,,6.202,4.0,2021-09-07T21:08:57Z
43074,tt1289401,movie,Ghostbusters,2016-07-14T00:00:00Z,,,5.405,5.0,2021-09-07T21:09:29Z
2978,tt0097428,movie,Ghostbusters II,1989-06-16T00:00:00Z,,,6.489,4.0,2021-09-07T21:09:38Z
44587,tt0118200,movie,エックス,1996-08-02T00:00:00Z,,,5.743,4.0,2021-09-07T21:11:08Z
6947,tt0368447,movie,The Village,2004-07-30T00:00:00Z,,,6.415,4.0,2021-09-07T21:11:23Z
10047,tt0151137,movie,Joan of Arc,1999-10-27T00:00:00Z,,,6.362,4.0,2021-09-07T21:11:51Z
920,tt0317219,movie,Cars,2006-06-08T00:00:00Z,,,6.847,4.0,2021-09-07T21:12:14Z
10804,tt0102216,movie,King Ralph,1991-02-15T00:00:00Z,,,5.35,4.0,2021-09-07T21:12:43Z
40805,tt0990407,movie,The Green Hornet,2011-01-12T00:00:00Z,,,5.531,4.0,2021-09-07T21:12:56Z
415,tt0118688,movie,Batman & Robin,1997-06-20T00:00:00Z,,,4.311,4.0,2021-09-07T21:13:15Z
268,tt0096895,movie,Batman,1989-06-23T00:00:00Z,,,7.195,5.0,2021-09-07T21:13:37Z
364,tt0103776,movie,Batman Returns,1992-06-19T00:00:00Z,,,6.845,5.0,2021-09-07T21:13:49Z
414,tt0112462,movie,Batman Forever,1995-06-16T00:00:00Z,,,5.369,5.0,2021-09-07T21:14:01Z
35552,tt1179025,movie,Les Aventures extraordinaires d'Adèle Blanc-Sec,2010-04-09T00:00:00Z,,,6.112,4.0,2021-09-07T21:14:26Z
2018,tt0209475,movie,The Wedding Planner,2001-01-26T00:00:00Z,,,5.894,4.0,2021-09-07T21:14:59Z
1734,tt0209163,movie,The Mummy Returns,2001-05-04T00:00:00Z,,,6.299,4.0,2021-09-07T21:15:33Z
3933,tt0121164,movie,Corpse Bride,2005-09-12T00:00:00Z,,,7.458,4.0,2021-09-07T21:15:43Z
420818,tt6105098,movie,The Lion King,2019-07-12T00:00:00Z,,,7.167,4.0,2021-09-07T21:16:32Z
128,tt0119698,movie,もののけ姫,1997-07-12T00:00:00Z,,,8.351,4.0,2021-09-07T21:17:07Z
38575,tt1155076,movie,The Karate Kid,2010-06-10T00:00:00Z,,,6.477,4.0,2021-09-07T21:17:17Z
2977,tt0416508,movie,Becoming Jane,2007-03-02T00:00:00Z,,,7.332,4.0,2021-09-07T21:17:36Z
11172,tt0758766,movie,Music and Lyrics,2007-02-09T00:00:00Z,,,6.391,4.0,2021-09-07T21:17:53Z
13888,tt0102782,movie,Return to the Blue Lagoon,1991-08-02T00:00:00Z,,,5.948,4.0,2021-09-07T21:18:03Z
14069,tt0808506,movie,時をかける少女,2006-07-15T00:00:00Z,,,7.795,4.0,2021-09-07T21:18:20Z
88,tt0092890,movie,Dirty Dancing,1987-08-21T00:00:00Z,,,7.358,4.0,2021-09-07T21:18:37Z
4348,tt0414387,movie,Pride & Prejudice,2005-09-16T00:00:00Z,,,8.088,4.0,2021-09-07T21:18:53Z
20992,tt0118767,movie,Брат,1997-05-17T00:00:00Z,,,7.602,4.0,2021-09-07T21:19:05Z
2454,tt0499448,movie,The Chronicles of Narnia: Prince Caspian,2008-05-15T00:00:00Z,,,6.596,4.0,2021-09-07T21:19:17Z
10140,tt0980970,movie,The Chronicles of Narnia: The Voyage of the Dawn Treader,2010-12-02T00:00:00Z,,,6.418,4.0,2021-09-07T21:19:53Z
9279,tt0116705,movie,Jingle All the Way,1996-11-21T00:00:00Z,,,5.954,4.0,2021-09-07T21:20:20Z
56715,tt0189192,movie,Just Visiting,2001-04-06T00:00:00Z,,,4.624,3.0,2021-09-07T21:20:32Z
11687,tt0108500,movie,Les Visiteurs,1993-01-27T00:00:00Z,,,7.128,3.0,2021-09-07T21:21:01Z
10353,tt0120882,movie,Les visiteurs : Les couloirs du temps,1998-02-11T00:00:00Z,,,6.049,2.0,2021-09-07T21:21:11Z
10999,tt0088944,movie,Commando,1985-10-03T00:00:00Z,,,6.62,4.0,2021-09-07T21:22:01Z
11156,tt1035736,movie,Coco avant Chanel,2009-04-22T00:00:00Z,,,6.948,4.0,2021-09-07T21:22:09Z
62329,tt0114433,movie,Shootfighter II,1996-08-27T00:00:00Z,,,5.0,4.0,2021-09-07T21:22:25Z
5549,tt0100502,movie,RoboCop 2,1990-06-22T00:00:00Z,,,5.953,4.0,2021-09-07T21:22:49Z
5550,tt0107978,movie,RoboCop 3,1993-04-17T00:00:00Z,,,4.751,4.0,2021-09-07T21:22:54Z
5548,tt0093870,movie,RoboCop,1987-07-17T00:00:00Z,,,7.26,4.0,2021-09-07T21:23:10Z
951,tt0099938,movie,Kindergarten Cop,1990-12-21T00:00:00Z,,,6.07,4.0,2021-09-07T21:23:48Z
9354,tt0097523,movie,"Honey, I Shrunk the Kids",1989-06-23T00:00:00Z,,,6.261,4.0,2021-09-07T21:25:32Z
88396,tt9208876,tv,The Falcon and the Winter Soldier,2021-03-19T00:00:00Z,,,7.821,4.0,2021-09-12T14:37:27Z
68507,tt5607976,tv,His Dark Materials,2019-11-03T00:00:00Z,,,8.046,6.0,2021-09-23T21:30:29Z
438631,tt1160419,movie,Dune,2021-09-15T00:00:00Z,,,8.107,4.0,2021-10-07T17:17:02Z
550988,tt6264654,movie,Free Guy,2021-08-11T00:00:00Z,,,7.887,6.0,2021-10-08T07:14:05Z
